,C_ID,Academic_Pts,Athletic_Pts,Exclusive_Pts,Social_Pts,Affordable_Pts,Dynamic_Pt_Total
0,ABI,2.0,0.0,0.0,2.0,0.0,4.0
1,ABIN,2.0,0.0,0.0,2.0,0.0,4.0
2,ABL,2.0,0.0,0.0,2.0,0.0,4.0
3,ABRT,2.0,0.0,0.0,2.0,0.0,4.0
4,ADE,2.0,0.0,0.0,2.0,0.0,4.0
5,ADR,2.0,0.0,0.0,2.0,0.0,4.0
6,AF,2.0,0.0,0.0,2.0,0.0,4.0
7,AGN,2.0,0.0,0.0,2.0,0.0,4.0
8,AGSB,2.0,0.0,0.0,2.0,0.0,4.0
9,AGST,2.0,0.0,0.0,2.0,0.0,4.0
10,AKFB,37.0,0.0,0.0,2.0,0.0,39.0
11,AKR,38.0,0.0,0.0,2.0,0.0,40.0
12,ALA,238.0,0.0,0.0,384.0,0.0,622.0
13,ALB,219.0,0.0,0.0,143.0,0.0,362.0
14,ALD,2.0,0.0,0.0,2.0,0.0,4.0
15,ALF,2.0,0.0,0.0,2.0,0.0,4.0
16,ALL,2.0,0.0,0.0,2.0,0.0,4.0
17,ALM,2.0,0.0,0.0,2.0,0.0,4.0
18,ALV,2.0,0.0,0.0,2.0,0.0,4.0
19,AME,2.0,0.0,0.0,2.0,0.0,4.0
20,AMER,316.0,0.0,0.0,2.0,0.0,318.0
21,AMG,2.0,0.0,0.0,2.0,0.0,4.0
22,AMH,2.0,0.0,0.0,2.0,0.0,4.0
23,ANCH,2.0,0.0,0.0,2.0,0.0,4.0
24,ANDE,2.0,0.0,0.0,2.0,0.0,4.0
25,ANDR,2.0,0.0,0.0,2.0,0.0,4.0
26,ANDW,95.0,0.0,0.0,2.0,0.0,97.0
27,ANG,2.0,0.0,0.0,2.0,0.0,4.0
28,ANT,2.0,0.0,0.0,2.0,0.0,4.0
29,APP,2.0,0.0,0.0,2.0,0.0,4.0
30,AQU,2.0,0.0,0.0,2.0,0.0,4.0
31,ARI,2.0,0.0,0.0,2.0,0.0,4.0
32,ARIZ,2.0,0.0,0.0,2.0,0.0,4.0
33,ARK,227.0,0.0,0.0,330.0,0.0,557.0
34,ARMY,2.0,0.0,0.0,2.0,0.0,4.0
35,ARTS,2.0,0.0,0.0,2.0,0.0,4.0
36,ASBU,2.0,0.0,0.0,2.0,0.0,4.0
37,ASHL,2.0,0.0,0.0,2.0,0.0,4.0
38,ASS,2.0,0.0,0.0,2.0,0.0,4.0
39,ATCH,2.0,0.0,0.0,2.0,0.0,4.0
40,AUAB,2.0,0.0,0.0,2.0,0.0,4.0
41,AUB,296.0,0.0,0.0,371.0,0.0,667.0
42,AUBU,2.0,0.0,0.0,2.0,0.0,4.0
43,AUGS,93.0,0.0,0.0,158.0,0.0,251.0
44,AUGS,93.0,0.0,0.0,25.0,0.0,118.0
45,AUGU,2.0,0.0,0.0,2.0,0.0,4.0
46,AURO,2.0,0.0,0.0,2.0,0.0,4.0
47,AUS,2.0,0.0,0.0,2.0,0.0,4.0
48,AVE,2.0,0.0,0.0,2.0,0.0,4.0
49,AZ,284.0,0.0,0.0,335.0,0.0,619.0
50,AZUS,2.0,0.0,0.0,2.0,0.0,4.0
51,BABS,2.0,0.0,0.0,142.0,0.0,144.0
52,BAK,2.0,0.0,0.0,2.0,0.0,4.0
53,BAL,2.0,0.0,0.0,2.0,0.0,4.0
54,BALD,2.0,0.0,0.0,2.0,0.0,4.0
55,BALL,2.0,0.0,0.0,2.0,0.0,4.0
56,BARD,2.0,0.0,0.0,2.0,0.0,4.0
57,BART,2.0,0.0,0.0,2.0,0.0,4.0
58,BATE,2.0,0.0,0.0,2.0,0.0,4.0
59,BAY,320.0,0.0,0.0,261.0,0.0,581.0
60,BCK,2.0,0.0,0.0,2.0,0.0,4.0
61,BCLF,2.0,0.0,0.0,2.0,0.0,4.0
62,BCLK,2.0,0.0,0.0,2.0,0.0,4.0
63,BCOL,2.0,0.0,0.0,2.0,0.0,4.0
64,BEA,2.0,0.0,0.0,2.0,0.0,4.0
65,BELL,2.0,0.0,0.0,2.0,0.0,4.0
66,BEM,2.0,0.0,0.0,2.0,0.0,4.0
67,BENE,2.0,0.0,0.0,2.0,0.0,4.0
68,BENT,2.0,0.0,0.0,2.0,0.0,4.0
69,BER,2.0,0.0,0.0,2.0,0.0,4.0
70,BERE,2.0,0.0,0.0,2.0,0.0,4.0
71,BERK,2.0,0.0,0.0,2.0,0.0,4.0
72,BETH,2.0,0.0,0.0,2.0,0.0,4.0
73,BGSU,146.0,0.0,0.0,296.0,0.0,442.0
74,BGTN,312.0,0.0,0.0,107.0,0.0,419.0
75,BING,2.0,0.0,0.0,2.0,0.0,4.0
76,BIOL,199.0,0.0,0.0,37.0,0.0,236.0
77,BIR,2.0,0.0,0.0,2.0,0.0,4.0
78,BIRM,2.0,0.0,0.0,2.0,0.0,4.0
79,BKPT,2.0,0.0,0.0,2.0,0.0,4.0
80,BLA,2.0,0.0,0.0,2.0,0.0,4.0
81,BLFT,2.0,0.0,0.0,2.0,0.0,4.0
82,BLMT,233.0,0.0,0.0,15.0,0.0,248.0
83,BLO,2.0,0.0,0.0,2.0,0.0,4.0
84,BLOO,2.0,0.0,0.0,2.0,0.0,4.0
85,BLRM,192.0,0.0,0.0,195.0,0.0,387.0
86,BLT,2.0,0.0,0.0,2.0,0.0,4.0
87,BLUE,2.0,0.0,0.0,2.0,0.0,4.0
88,BMAB,2.0,0.0,0.0,2.0,0.0,4.0
89,BNDC,90.0,0.0,0.0,157.0,0.0,247.0
90,BNNG,2.0,0.0,0.0,2.0,0.0,4.0
91,BNVT,2.0,0.0,0.0,302.0,0.0,304.0
92,BOIS,2.0,0.0,0.0,2.0,0.0,4.0
93,BOS,2.0,0.0,0.0,2.0,0.0,4.0
94,BOST,2.0,0.0,0.0,2.0,0.0,4.0
95,BOWD,2.0,0.0,0.0,2.0,0.0,4.0
96,BRAD,2.0,0.0,0.0,2.0,0.0,4.0
97,BRCH,2.0,0.0,0.0,2.0,0.0,4.0
98,BRDF,2.0,0.0,0.0,2.0,0.0,4.0
99,BRDG,35.0,0.0,0.0,2.0,0.0,37.0
100,BRDS,352.0,0.0,0.0,2.0,0.0,354.0
101,BRE,2.0,0.0,0.0,2.0,0.0,4.0
102,BRI,2.0,0.0,0.0,2.0,0.0,4.0
103,BRIG,2.0,0.0,0.0,2.0,0.0,4.0
104,BRKP,2.0,0.0,0.0,2.0,0.0,4.0
105,BRNA,2.0,0.0,0.0,2.0,0.0,4.0
106,BRND,2.0,0.0,0.0,307.0,0.0,309.0
107,BRO,2.0,0.0,0.0,2.0,0.0,4.0
108,BRRY,91.0,0.0,0.0,2.0,0.0,93.0
109,BRY,2.0,0.0,0.0,2.0,0.0,4.0
110,BRYA,2.0,0.0,0.0,2.0,0.0,4.0
111,BTHN,2.0,0.0,0.0,2.0,0.0,4.0
112,BUC,2.0,0.0,0.0,2.0,0.0,4.0
113,BUE,2.0,0.0,0.0,2.0,0.0,4.0
114,BUF,301.0,0.0,0.0,164.0,0.0,465.0
115,BUT,2.0,0.0,0.0,2.0,0.0,4.0
116,BYU,315.0,0.0,0.0,306.0,0.0,621.0
117,BYU,315.0,0.0,0.0,250.0,0.0,565.0
118,BYUI,2.0,0.0,0.0,163.0,0.0,165.0
119,CAB,2.0,0.0,0.0,2.0,0.0,4.0
120,CAL,2.0,0.0,0.0,308.0,0.0,310.0
121,CALC,2.0,0.0,0.0,2.0,0.0,4.0
122,CALD,2.0,0.0,0.0,2.0,0.0,4.0
123,CALT,386.0,0.0,0.0,134.0,0.0,520.0
124,CALT,386.0,0.0,0.0,134.0,0.0,520.0
125,CALV,2.0,0.0,0.0,2.0,0.0,4.0
126,CAMP,118.0,0.0,0.0,2.0,0.0,120.0
127,CAN,2.0,0.0,0.0,2.0,0.0,4.0
128,CAP,2.0,0.0,0.0,2.0,0.0,4.0
129,CAPC,2.0,0.0,0.0,2.0,0.0,4.0
130,CAR,2.0,0.0,0.0,2.0,0.0,4.0
131,CARR,2.0,0.0,0.0,2.0,0.0,4.0
132,CARS,2.0,0.0,0.0,2.0,0.0,4.0
133,CART,2.0,0.0,0.0,2.0,0.0,4.0
134,CAS,2.0,0.0,0.0,2.0,0.0,4.0
135,CAT,2.0,0.0,0.0,2.0,0.0,4.0
136,CATL,259.0,0.0,0.0,2.0,0.0,261.0
137,CAZ,2.0,0.0,0.0,2.0,0.0,4.0
138,CBRS,2.0,0.0,0.0,2.0,0.0,4.0
139,CCHN,33.0,0.0,0.0,238.0,0.0,271.0
140,CCIA,2.0,0.0,0.0,2.0,0.0,4.0
141,CCOL,2.0,0.0,0.0,2.0,0.0,4.0
142,CCON,2.0,0.0,0.0,2.0,0.0,4.0
143,CCRS,2.0,0.0,0.0,2.0,0.0,4.0
144,CCST,2.0,0.0,0.0,2.0,0.0,4.0
145,CED,2.0,0.0,0.0,2.0,0.0,4.0
146,CEDA,2.0,0.0,0.0,2.0,0.0,4.0
147,CEN,2.0,0.0,0.0,2.0,0.0,4.0
148,CENT,2.0,0.0,0.0,2.0,0.0,4.0
149,CESF,2.0,0.0,0.0,2.0,0.0,4.0
150,CFTN,2.0,0.0,0.0,252.0,0.0,254.0
151,CGRD,2.0,0.0,0.0,2.0,0.0,4.0
152,CHA,2.0,0.0,0.0,2.0,0.0,4.0
153,CHAR,2.0,0.0,0.0,2.0,0.0,4.0
154,CHAT,21.0,0.0,0.0,2.0,0.0,23.0
155,CHE,2.0,0.0,0.0,2.0,0.0,4.0
156,CHLT,157.0,0.0,0.0,251.0,0.0,408.0
157,CHR,2.0,0.0,0.0,2.0,0.0,4.0
158,CID,2.0,0.0,0.0,2.0,0.0,4.0
159,CIN,235.0,0.0,0.0,355.0,0.0,590.0
160,CITA,2.0,0.0,0.0,2.0,0.0,4.0
161,CLA,2.0,0.0,0.0,2.0,0.0,4.0
162,CLAR,2.0,0.0,0.0,2.0,0.0,4.0
163,CLBY,2.0,0.0,0.0,2.0,0.0,4.0
164,CLCL,2.0,0.0,0.0,2.0,0.0,4.0
165,CLCS,32.0,0.0,0.0,2.0,0.0,34.0
166,CLE,2.0,0.0,0.0,2.0,0.0,4.0
167,CLEV,2.0,0.0,0.0,2.0,0.0,4.0
168,CLI,2.0,0.0,0.0,2.0,0.0,4.0
169,CLPT,2.0,0.0,0.0,2.0,0.0,4.0
170,CLRK,292.0,0.0,0.0,2.0,0.0,294.0
171,CLST,247.0,0.0,0.0,265.0,0.0,512.0
172,CLUT,2.0,0.0,0.0,2.0,0.0,4.0
173,CLWD,2.0,0.0,0.0,2.0,0.0,4.0
174,CMAR,2.0,0.0,0.0,2.0,0.0,4.0
175,CMBA,3.0,0.0,0.0,315.0,0.0,318.0
176,CMBM,2.0,0.0,0.0,2.0,0.0,4.0
177,CMBU,2.0,0.0,0.0,2.0,0.0,4.0
178,CMCK,2.0,0.0,0.0,2.0,0.0,4.0
179,CMEL,370.0,0.0,0.0,51.0,0.0,421.0
180,CMPB,2.0,0.0,0.0,2.0,0.0,4.0
181,CMSU,2.0,0.0,0.0,2.0,0.0,4.0
182,CND,2.0,0.0,0.0,2.0,0.0,4.0
183,CNDM,2.0,0.0,0.0,2.0,0.0,4.0
184,CNEW,87.0,0.0,0.0,2.0,0.0,89.0
185,CNLA,2.0,0.0,0.0,2.0,0.0,4.0
186,CNNC,2.0,0.0,0.0,2.0,0.0,4.0
187,CNT,2.0,0.0,0.0,2.0,0.0,4.0
188,CNWP,2.0,0.0,0.0,2.0,0.0,4.0
189,COAS,2.0,0.0,0.0,2.0,0.0,4.0
190,COE,2.0,0.0,0.0,2.0,0.0,4.0
191,COK,2.0,0.0,0.0,2.0,0.0,4.0
192,COL,295.0,0.0,0.0,321.0,0.0,616.0
193,COLD,161.0,0.0,0.0,2.0,0.0,163.0
194,COLG,2.0,0.0,0.0,285.0,0.0,287.0
195,COLO,2.0,0.0,0.0,2.0,0.0,4.0
196,CON,2.0,0.0,0.0,2.0,0.0,4.0
197,CONC,2.0,0.0,0.0,2.0,0.0,4.0
198,CONL,2.0,0.0,0.0,2.0,0.0,4.0
199,CONN,329.0,0.0,0.0,234.0,0.0,563.0
200,COOP,2.0,0.0,0.0,2.0,0.0,4.0
201,COR,2.0,0.0,0.0,2.0,0.0,4.0
202,CORN,378.0,0.0,0.0,297.0,0.0,675.0
203,CORT,2.0,0.0,0.0,2.0,0.0,4.0
204,COVE,2.0,0.0,0.0,2.0,0.0,4.0
205,CPLY,2.0,0.0,0.0,179.0,0.0,181.0
206,CPP,2.0,0.0,0.0,218.0,0.0,220.0
207,CRE,2.0,0.0,0.0,2.0,0.0,4.0
208,CRKE,155.0,0.0,0.0,2.0,0.0,157.0
209,CRKS,268.0,0.0,0.0,2.0,0.0,270.0
210,CRL,2.0,0.0,0.0,2.0,0.0,4.0
211,CRRL,2.0,0.0,0.0,2.0,0.0,4.0
212,CSBN,2.0,0.0,0.0,2.0,0.0,4.0
213,CSCT,2.0,0.0,0.0,2.0,0.0,4.0
214,CSEB,2.0,0.0,0.0,2.0,0.0,4.0
215,CSEZ,2.0,0.0,0.0,2.0,0.0,4.0
216,CSFE,2.0,0.0,0.0,2.0,0.0,4.0
217,CSJO,2.0,0.0,0.0,2.0,0.0,4.0
218,CSLA,2.0,0.0,0.0,2.0,0.0,4.0
219,CSLC,2.0,0.0,0.0,2.0,0.0,4.0
220,CSMN,311.0,0.0,0.0,2.0,0.0,313.0
221,CSNR,2.0,0.0,0.0,207.0,0.0,209.0
222,CSRS,2.0,0.0,0.0,2.0,0.0,4.0
223,CSSB,2.0,0.0,0.0,2.0,0.0,4.0
224,CSSC,2.0,0.0,0.0,2.0,0.0,4.0
225,CTAM,2.0,0.0,0.0,2.0,0.0,4.0
226,CTHM,2.0,0.0,0.0,2.0,0.0,4.0
227,CTRL,2.0,0.0,0.0,2.0,0.0,4.0
228,CTWB,2.0,0.0,0.0,2.0,0.0,4.0
229,CUL,2.0,0.0,0.0,2.0,0.0,4.0
230,CUM,2.0,0.0,0.0,2.0,0.0,4.0
231,CVRS,2.0,0.0,0.0,2.0,0.0,4.0
232,CWAS,2.0,0.0,0.0,2.0,0.0,4.0
233,CWES,2.0,0.0,0.0,2.0,0.0,4.0
234,CWRU,351.0,0.0,0.0,2.0,0.0,353.0
235,DAL,2.0,0.0,0.0,2.0,0.0,4.0
236,DAN,2.0,0.0,0.0,2.0,0.0,4.0
237,DAR,2.0,0.0,0.0,2.0,0.0,4.0
238,DAV,2.0,0.0,0.0,266.0,0.0,268.0
239,DAY,262.0,0.0,0.0,336.0,0.0,598.0
240,DEF,2.0,0.0,0.0,2.0,0.0,4.0
241,DEL,299.0,0.0,0.0,324.0,0.0,623.0
242,DELT,2.0,0.0,0.0,2.0,0.0,4.0
243,DEN,298.0,0.0,0.0,17.0,0.0,315.0
244,DEP,2.0,0.0,0.0,2.0,0.0,4.0
245,DEPA,2.0,0.0,0.0,2.0,0.0,4.0
246,DET,203.0,0.0,0.0,2.0,0.0,205.0
247,DICK,2.0,0.0,0.0,2.0,0.0,4.0
248,DIL,2.0,0.0,0.0,2.0,0.0,4.0
249,DKST,2.0,0.0,0.0,2.0,0.0,4.0
250,DNSN,2.0,0.0,0.0,2.0,0.0,4.0
251,DOA,2.0,0.0,0.0,2.0,0.0,4.0
252,DOAN,2.0,0.0,0.0,2.0,0.0,4.0
253,DOM,2.0,0.0,0.0,2.0,0.0,4.0
254,DOR,2.0,0.0,0.0,2.0,0.0,4.0
255,DORD,2.0,0.0,0.0,2.0,0.0,4.0
256,DOW,2.0,0.0,0.0,2.0,0.0,4.0
257,DRA,2.0,0.0,0.0,2.0,0.0,4.0
258,DRE,2.0,0.0,0.0,2.0,0.0,4.0
259,DREX,2.0,0.0,0.0,2.0,0.0,4.0
260,DRU,2.0,0.0,0.0,2.0,0.0,4.0
261,DUBQ,2.0,0.0,0.0,2.0,0.0,4.0
262,DUK,2.0,0.0,0.0,2.0,0.0,4.0
263,DUQU,2.0,0.0,0.0,2.0,0.0,4.0
264,DWEB,2.0,0.0,0.0,2.0,0.0,4.0
265,D'Y,2.0,0.0,0.0,2.0,0.0,4.0
266,EAR,2.0,0.0,0.0,2.0,0.0,4.0
267,EAS,2.0,0.0,0.0,2.0,0.0,4.0
268,EAST,2.0,0.0,0.0,2.0,0.0,4.0
269,ECAR,181.0,0.0,0.0,268.0,0.0,449.0
270,ECK,2.0,0.0,0.0,2.0,0.0,4.0
271,ECON,2.0,0.0,0.0,2.0,0.0,4.0
272,EIL,2.0,0.0,0.0,2.0,0.0,4.0
273,ELI,2.0,0.0,0.0,2.0,0.0,4.0
274,ELM,2.0,0.0,0.0,2.0,0.0,4.0
275,ELMH,2.0,0.0,0.0,2.0,0.0,4.0
276,ELMS,2.0,0.0,0.0,2.0,0.0,4.0
277,ELO,2.0,0.0,0.0,2.0,0.0,4.0
278,ELON,310.0,0.0,0.0,2.0,0.0,312.0
279,EMB,2.0,0.0,0.0,2.0,0.0,4.0
280,EMBR,2.0,0.0,0.0,61.0,0.0,63.0
281,EMDB,2.0,0.0,0.0,2.0,0.0,4.0
282,EMER,2.0,0.0,0.0,2.0,0.0,4.0
283,EMHN,2.0,0.0,0.0,2.0,0.0,4.0
284,EMNN,2.0,0.0,0.0,2.0,0.0,4.0
285,EMO,2.0,0.0,0.0,2.0,0.0,4.0
286,EMOR,2.0,0.0,0.0,2.0,0.0,4.0
287,EMP,2.0,0.0,0.0,2.0,0.0,4.0
288,ENDI,2.0,0.0,0.0,2.0,0.0,4.0
289,ERS,2.0,0.0,0.0,2.0,0.0,4.0
290,ETBU,2.0,0.0,0.0,2.0,0.0,4.0
291,ETSU,106.0,0.0,0.0,168.0,0.0,274.0
292,EUR,2.0,0.0,0.0,2.0,0.0,4.0
293,EVAN,2.0,0.0,0.0,2.0,0.0,4.0
294,EVE,2.0,0.0,0.0,2.0,0.0,4.0
295,FAGM,2.0,0.0,0.0,2.0,0.0,4.0
296,FAI,2.0,0.0,0.0,2.0,0.0,4.0
297,FAIR,2.0,0.0,0.0,167.0,0.0,169.0
298,FARM,2.0,0.0,0.0,2.0,0.0,4.0
299,FATL,116.0,0.0,0.0,114.0,0.0,230.0
300,FAY,2.0,0.0,0.0,2.0,0.0,4.0
301,FER,2.0,0.0,0.0,2.0,0.0,4.0
302,FGCU,2.0,0.0,0.0,116.0,0.0,118.0
303,FISK,2.0,0.0,0.0,2.0,0.0,4.0
304,FIT,189.0,0.0,0.0,38.0,0.0,227.0
305,FIT,189.0,0.0,0.0,28.0,0.0,217.0
306,FITC,2.0,0.0,0.0,2.0,0.0,4.0
307,FIU,232.0,0.0,0.0,353.0,0.0,585.0
308,FKLO,2.0,0.0,0.0,2.0,0.0,4.0
309,FL,364.0,0.0,0.0,381.0,0.0,745.0
310,FLA,2.0,0.0,0.0,2.0,0.0,4.0
311,FLO,2.0,0.0,0.0,2.0,0.0,4.0
312,FLST,340.0,0.0,0.0,387.0,0.0,727.0
313,FMAC,2.0,0.0,0.0,2.0,0.0,4.0
314,FMRS,2.0,0.0,0.0,2.0,0.0,4.0
315,FON,2.0,0.0,0.0,2.0,0.0,4.0
316,FPAC,2.0,0.0,0.0,2.0,0.0,4.0
317,FRAN,2.0,0.0,0.0,2.0,0.0,4.0
318,FRDM,327.0,0.0,0.0,2.0,0.0,329.0
319,FRDN,2.0,0.0,0.0,2.0,0.0,4.0
320,FREE,2.0,0.0,0.0,2.0,0.0,4.0
321,FRKL,2.0,0.0,0.0,2.0,0.0,4.0
322,FRPC,2.0,0.0,0.0,2.0,0.0,4.0
323,FRST,182.0,0.0,0.0,62.0,0.0,244.0
324,FRTL,2.0,0.0,0.0,2.0,0.0,4.0
325,FUR,2.0,0.0,0.0,96.0,0.0,98.0
326,GAN,2.0,0.0,0.0,2.0,0.0,4.0
327,GAR,2.0,0.0,0.0,2.0,0.0,4.0
328,GASO,79.0,0.0,0.0,239.0,0.0,318.0
329,GAST,152.0,0.0,0.0,170.0,0.0,322.0
330,GCOL,2.0,0.0,0.0,2.0,0.0,4.0
331,GCRT,2.0,0.0,0.0,2.0,0.0,4.0
332,GEN,2.0,0.0,0.0,2.0,0.0,4.0
333,GET,2.0,0.0,0.0,2.0,0.0,4.0
334,GFOX,180.0,0.0,0.0,2.0,0.0,182.0
335,GMAS,244.0,0.0,0.0,11.0,0.0,255.0
336,GMT,2.0,0.0,0.0,2.0,0.0,4.0
337,GNSO,2.0,0.0,0.0,2.0,0.0,4.0
338,GOL,2.0,0.0,0.0,2.0,0.0,4.0
339,GON,2.0,0.0,0.0,2.0,0.0,4.0
340,GOR,2.0,0.0,0.0,2.0,0.0,4.0
341,GOS,2.0,0.0,0.0,2.0,0.0,4.0
342,GOU,2.0,0.0,0.0,2.0,0.0,4.0
343,GRA,2.0,0.0,0.0,2.0,0.0,4.0
344,GRCE,2.0,0.0,0.0,2.0,0.0,4.0
345,GRE,2.0,0.0,0.0,2.0,0.0,4.0
346,GRI,2.0,0.0,0.0,2.0,0.0,4.0
347,GRLD,2.0,0.0,0.0,2.0,0.0,4.0
348,GRNS,2.0,0.0,0.0,2.0,0.0,4.0
349,GRO,2.0,0.0,0.0,2.0,0.0,4.0
350,GRVL,2.0,0.0,0.0,2.0,0.0,4.0
351,GTCH,357.0,0.0,0.0,332.0,0.0,689.0
352,GTWC,2.0,0.0,0.0,2.0,0.0,4.0
353,GTWK,2.0,0.0,0.0,2.0,0.0,4.0
354,GTWN,372.0,0.0,0.0,345.0,0.0,717.0
355,GTWN,372.0,0.0,0.0,345.0,0.0,717.0
356,GUI,2.0,0.0,0.0,2.0,0.0,4.0
357,GUS,2.0,0.0,0.0,2.0,0.0,4.0
358,GWAS,332.0,0.0,0.0,269.0,0.0,601.0
359,GWY,2.0,0.0,0.0,2.0,0.0,4.0
360,HAM,2.0,0.0,0.0,2.0,0.0,4.0
361,HAML,2.0,0.0,0.0,2.0,0.0,4.0
362,HAMP,188.0,0.0,0.0,2.0,0.0,190.0
363,HAN,2.0,0.0,0.0,2.0,0.0,4.0
364,HARD,145.0,0.0,0.0,2.0,0.0,147.0
365,HART,173.0,0.0,0.0,2.0,0.0,175.0
366,HAS,2.0,0.0,0.0,2.0,0.0,4.0
367,HAVE,2.0,0.0,0.0,2.0,0.0,4.0
368,HAW,226.0,0.0,0.0,40.0,0.0,266.0
369,HAW,226.0,0.0,0.0,40.0,0.0,266.0
370,HAW,99.0,0.0,0.0,40.0,0.0,139.0
371,HAW,99.0,0.0,0.0,40.0,0.0,139.0
372,HEN,2.0,0.0,0.0,2.0,0.0,4.0
373,HGTN,2.0,0.0,0.0,2.0,0.0,4.0
374,HIGH,2.0,0.0,0.0,2.0,0.0,4.0
375,HIL,2.0,0.0,0.0,2.0,0.0,4.0
376,HIR,2.0,0.0,0.0,2.0,0.0,4.0
377,HLKE,2.0,0.0,0.0,2.0,0.0,4.0
378,HMUD,2.0,0.0,0.0,132.0,0.0,134.0
379,HNTD,2.0,0.0,0.0,2.0,0.0,4.0
380,HNTT,2.0,0.0,0.0,2.0,0.0,4.0
381,HOB,2.0,0.0,0.0,2.0,0.0,4.0
382,HOBA,2.0,0.0,0.0,2.0,0.0,4.0
383,HOF,2.0,0.0,0.0,2.0,0.0,4.0
384,HOL,2.0,0.0,0.0,2.0,0.0,4.0
385,HOLL,2.0,0.0,0.0,2.0,0.0,4.0
386,HOO,2.0,0.0,0.0,2.0,0.0,4.0
387,HOP,2.0,0.0,0.0,2.0,0.0,4.0
388,HOU,212.0,0.0,0.0,129.0,0.0,341.0
389,HOWA,2.0,0.0,0.0,2.0,0.0,4.0
390,HRCS,2.0,0.0,0.0,2.0,0.0,4.0
391,HRTW,2.0,0.0,0.0,2.0,0.0,4.0
392,HRVD,392.0,0.0,0.0,365.0,0.0,757.0
393,HSIM,2.0,0.0,0.0,2.0,0.0,4.0
394,HSYD,2.0,0.0,0.0,2.0,0.0,4.0
395,HTVL,124.0,0.0,0.0,2.0,0.0,126.0
396,HUMB,2.0,0.0,0.0,2.0,0.0,4.0
397,HUNT,2.0,0.0,0.0,2.0,0.0,4.0
398,HUR,2.0,0.0,0.0,2.0,0.0,4.0
399,HUS,2.0,0.0,0.0,2.0,0.0,4.0
400,ID,211.0,0.0,0.0,203.0,0.0,414.0
401,IIT,272.0,0.0,0.0,2.0,0.0,274.0
402,ILBD,2.0,0.0,0.0,2.0,0.0,4.0
403,ILCL,2.0,0.0,0.0,2.0,0.0,4.0
404,ILST,187.0,0.0,0.0,228.0,0.0,415.0
405,ILWS,2.0,0.0,0.0,2.0,0.0,4.0
406,IMM,2.0,0.0,0.0,2.0,0.0,4.0
407,IMMA,2.0,0.0,0.0,2.0,0.0,4.0
408,INC,2.0,0.0,0.0,2.0,0.0,4.0
409,IND,326.0,0.0,0.0,370.0,0.0,696.0
410,INDP,150.0,0.0,0.0,2.0,0.0,152.0
411,INPI,2.0,0.0,0.0,2.0,0.0,4.0
412,INST,75.0,0.0,0.0,2.0,0.0,77.0
413,ION,2.0,0.0,0.0,2.0,0.0,4.0
414,IOW,2.0,0.0,0.0,2.0,0.0,4.0
415,IOWA,303.0,0.0,0.0,349.0,0.0,652.0
416,IPUI,198.0,0.0,0.0,2.0,0.0,200.0
417,ITH,2.0,0.0,0.0,2.0,0.0,4.0
418,IWES,2.0,0.0,0.0,2.0,0.0,4.0
419,JBWN,2.0,0.0,0.0,2.0,0.0,4.0
420,JCRL,2.0,0.0,0.0,2.0,0.0,4.0
421,JER,2.0,0.0,0.0,2.0,0.0,4.0
422,JHOP,384.0,0.0,0.0,78.0,0.0,462.0
423,JLRD,2.0,0.0,0.0,2.0,0.0,4.0
424,JMST,2.0,0.0,0.0,2.0,0.0,4.0
425,JMU,2.0,0.0,0.0,372.0,0.0,374.0
426,JNCL,2.0,0.0,0.0,2.0,0.0,4.0
427,JNFS,2.0,0.0,0.0,2.0,0.0,4.0
428,JOH,2.0,0.0,0.0,2.0,0.0,4.0
429,JUD,2.0,0.0,0.0,2.0,0.0,4.0
430,JUN,2.0,0.0,0.0,2.0,0.0,4.0
431,KALA,2.0,0.0,0.0,2.0,0.0,4.0
432,KAN,270.0,0.0,0.0,342.0,0.0,612.0
433,KAST,230.0,0.0,0.0,337.0,0.0,567.0
434,KEE,2.0,0.0,0.0,2.0,0.0,4.0
435,KENT,179.0,0.0,0.0,259.0,0.0,438.0
436,KENY,2.0,0.0,0.0,2.0,0.0,4.0
437,KETT,2.0,0.0,0.0,2.0,0.0,4.0
438,KEU,2.0,0.0,0.0,2.0,0.0,4.0
439,KING,2.0,0.0,0.0,2.0,0.0,4.0
440,KNGS,2.0,0.0,0.0,2.0,0.0,4.0
441,KNO,2.0,0.0,0.0,2.0,0.0,4.0
442,KWES,2.0,0.0,0.0,94.0,0.0,96.0
443,KYWS,2.0,0.0,0.0,2.0,0.0,4.0
444,LA,31.0,0.0,0.0,280.0,0.0,311.0
445,LACL,2.0,0.0,0.0,2.0,0.0,4.0
446,LAF,2.0,0.0,0.0,45.0,0.0,47.0
447,LAG,2.0,0.0,0.0,2.0,0.0,4.0
448,LAKE,2.0,0.0,0.0,2.0,0.0,4.0
449,LAMR,69.0,0.0,0.0,2.0,0.0,71.0
450,LAN,2.0,0.0,0.0,2.0,0.0,4.0
451,LARC,2.0,0.0,0.0,2.0,0.0,4.0
452,LASL,2.0,0.0,0.0,2.0,0.0,4.0
453,LATC,114.0,0.0,0.0,146.0,0.0,260.0
454,LAW,2.0,0.0,0.0,2.0,0.0,4.0
455,LAWR,2.0,0.0,0.0,2.0,0.0,4.0
456,LBSU,2.0,0.0,0.0,333.0,0.0,335.0
457,LCHI,289.0,0.0,0.0,10.0,0.0,299.0
458,LCLN,2.0,0.0,0.0,2.0,0.0,4.0
459,LCRK,2.0,0.0,0.0,192.0,0.0,194.0
460,LE ,2.0,0.0,0.0,2.0,0.0,4.0
461,LEB,2.0,0.0,0.0,2.0,0.0,4.0
462,LEH,2.0,0.0,0.0,2.0,0.0,4.0
463,LEN,2.0,0.0,0.0,2.0,0.0,4.0
464,LES,2.0,0.0,0.0,2.0,0.0,4.0
465,LET,2.0,0.0,0.0,2.0,0.0,4.0
466,LEWI,2.0,0.0,0.0,2.0,0.0,4.0
467,LEWS,2.0,0.0,0.0,2.0,0.0,4.0
468,LIBE,2.0,0.0,0.0,2.0,0.0,4.0
469,LINF,2.0,0.0,0.0,2.0,0.0,4.0
470,LIPS,2.0,0.0,0.0,2.0,0.0,4.0
471,LIV,2.0,0.0,0.0,2.0,0.0,4.0
472,LKLD,2.0,0.0,0.0,2.0,0.0,4.0
473,LMBT,2.0,0.0,0.0,2.0,0.0,4.0
474,LMD,2.0,0.0,0.0,2.0,0.0,4.0
475,LMMU,2.0,0.0,0.0,2.0,0.0,4.0
476,LMT,318.0,0.0,0.0,281.0,0.0,599.0
477,LNCH,2.0,0.0,0.0,2.0,0.0,4.0
478,LNDN,67.0,0.0,0.0,2.0,0.0,69.0
479,LNFL,2.0,0.0,0.0,2.0,0.0,4.0
480,LNO,186.0,0.0,0.0,278.0,0.0,464.0
481,LOC,2.0,0.0,0.0,2.0,0.0,4.0
482,LON,2.0,0.0,0.0,2.0,0.0,4.0
483,LOR,2.0,0.0,0.0,2.0,0.0,4.0
484,LOU,202.0,0.0,0.0,275.0,0.0,477.0
485,LOUI,2.0,0.0,0.0,2.0,0.0,4.0
486,LOYC,2.0,0.0,0.0,2.0,0.0,4.0
487,LOYO,2.0,0.0,0.0,2.0,0.0,4.0
488,LSU,221.0,0.0,0.0,272.0,0.0,493.0
489,LUT,2.0,0.0,0.0,2.0,0.0,4.0
490,LVRN,254.0,0.0,0.0,2.0,0.0,256.0
491,LYC,2.0,0.0,0.0,2.0,0.0,4.0
492,LYN,2.0,0.0,0.0,2.0,0.0,4.0
493,LYNN,2.0,0.0,0.0,227.0,0.0,229.0
494,LYON,2.0,0.0,0.0,2.0,0.0,4.0
495,MAC,2.0,0.0,0.0,2.0,0.0,4.0
496,MACM,2.0,0.0,0.0,2.0,0.0,4.0
497,MAL,2.0,0.0,0.0,2.0,0.0,4.0
498,MANC,2.0,0.0,0.0,2.0,0.0,4.0
499,MANH,2.0,0.0,0.0,2.0,0.0,4.0
500,MANM,2.0,0.0,0.0,210.0,0.0,212.0
501,MAR,2.0,0.0,0.0,2.0,0.0,4.0
502,MARI,2.0,0.0,0.0,2.0,0.0,4.0
503,MARL,2.0,0.0,0.0,2.0,0.0,4.0
504,MARQ,308.0,0.0,0.0,3.0,0.0,311.0
505,MART,2.0,0.0,0.0,2.0,0.0,4.0
506,MARY,29.0,0.0,0.0,63.0,0.0,92.0
507,MAS,2.0,0.0,0.0,2.0,0.0,4.0
508,MASS,323.0,0.0,0.0,322.0,0.0,645.0
509,MAST,2.0,0.0,0.0,2.0,0.0,4.0
510,MAY,2.0,0.0,0.0,2.0,0.0,4.0
511,MBLD,66.0,0.0,0.0,2.0,0.0,68.0
512,MBRY,2.0,0.0,0.0,213.0,0.0,215.0
513,MCDA,2.0,0.0,0.0,2.0,0.0,4.0
514,MCHS,2.0,0.0,0.0,2.0,0.0,4.0
515,MCK,2.0,0.0,0.0,2.0,0.0,4.0
516,MCLA,2.0,0.0,0.0,2.0,0.0,4.0
517,MCLR,215.0,0.0,0.0,2.0,0.0,217.0
518,MCM,2.0,0.0,0.0,2.0,0.0,4.0
519,MCP,2.0,0.0,0.0,2.0,0.0,4.0
520,MD,335.0,0.0,0.0,314.0,0.0,649.0
521,MDIC,2.0,0.0,0.0,2.0,0.0,4.0
522,ME,172.0,0.0,0.0,2.0,0.0,174.0
523,MEM,141.0,0.0,0.0,222.0,0.0,363.0
524,MEPI,2.0,0.0,0.0,2.0,0.0,4.0
525,MERC,229.0,0.0,0.0,2.0,0.0,231.0
526,MESA,2.0,0.0,0.0,2.0,0.0,4.0
527,MFLC,2.0,0.0,0.0,2.0,0.0,4.0
528,MHSE,2.0,0.0,0.0,2.0,0.0,4.0
529,MHST,2.0,0.0,0.0,2.0,0.0,4.0
530,MHVL,2.0,0.0,0.0,2.0,0.0,4.0
531,MIA,337.0,0.0,0.0,373.0,0.0,710.0
532,MIAM,2.0,0.0,0.0,2.0,0.0,4.0
533,MIAO,288.0,0.0,0.0,262.0,0.0,550.0
534,MICH,371.0,0.0,0.0,390.0,0.0,761.0
535,MID,2.0,0.0,0.0,2.0,0.0,4.0
536,MIDB,2.0,0.0,0.0,2.0,0.0,4.0
537,MIDD,2.0,0.0,0.0,2.0,0.0,4.0
538,MIL,13.0,0.0,0.0,2.0,0.0,15.0
539,MILL,2.0,0.0,0.0,2.0,0.0,4.0
540,MIN,322.0,0.0,0.0,351.0,0.0,673.0
541,MINN,2.0,0.0,0.0,2.0,0.0,4.0
542,MISE,2.0,0.0,0.0,2.0,0.0,4.0
543,MISS,234.0,0.0,0.0,374.0,0.0,608.0
544,MIST,307.0,0.0,0.0,358.0,0.0,665.0
545,MIZ,269.0,0.0,0.0,310.0,0.0,579.0
546,MLGN,2.0,0.0,0.0,2.0,0.0,4.0
547,MLKU,2.0,0.0,0.0,2.0,0.0,4.0
548,MLLS,2.0,0.0,0.0,2.0,0.0,4.0
549,MLRV,2.0,0.0,0.0,2.0,0.0,4.0
550,MLSP,2.0,0.0,0.0,2.0,0.0,4.0
551,MMAR,2.0,0.0,0.0,2.0,0.0,4.0
552,MMRY,2.0,0.0,0.0,2.0,0.0,4.0
553,MMST,2.0,0.0,0.0,2.0,0.0,4.0
554,MMTU,2.0,0.0,0.0,2.0,0.0,4.0
555,MNCI,2.0,0.0,0.0,2.0,0.0,4.0
556,MNDT,2.0,0.0,0.0,2.0,0.0,4.0
557,MNMK,2.0,0.0,0.0,240.0,0.0,242.0
558,MNMO,2.0,0.0,0.0,2.0,0.0,4.0
559,MOBL,2.0,0.0,0.0,264.0,0.0,266.0
560,MON,2.0,0.0,0.0,154.0,0.0,156.0
561,MONM,2.0,0.0,0.0,2.0,0.0,4.0
562,MONT,2.0,0.0,0.0,2.0,0.0,4.0
563,MOO,2.0,0.0,0.0,2.0,0.0,4.0
564,MORL,2.0,0.0,0.0,2.0,0.0,4.0
565,MORS,2.0,0.0,0.0,2.0,0.0,4.0
566,MOSL,149.0,0.0,0.0,2.0,0.0,151.0
567,MOST,63.0,0.0,0.0,190.0,0.0,253.0
568,MOUN,2.0,0.0,0.0,2.0,0.0,4.0
569,MRCD,2.0,0.0,0.0,2.0,0.0,4.0
570,MRCY,2.0,0.0,0.0,2.0,0.0,4.0
571,MRDT,2.0,0.0,0.0,2.0,0.0,4.0
572,MRGS,2.0,0.0,0.0,2.0,0.0,4.0
573,MRMK,2.0,0.0,0.0,2.0,0.0,4.0
574,MRTA,2.0,0.0,0.0,2.0,0.0,4.0
575,MRVL,2.0,0.0,0.0,247.0,0.0,249.0
576,MRVN,2.0,0.0,0.0,2.0,0.0,4.0
577,MRVU,2.0,0.0,0.0,2.0,0.0,4.0
578,MRWS,2.0,0.0,0.0,2.0,0.0,4.0
579,MRYM,2.0,0.0,0.0,2.0,0.0,4.0
580,MSBO,160.0,0.0,0.0,2.0,0.0,162.0
581,MSCO,2.0,0.0,0.0,2.0,0.0,4.0
582,MSDT,159.0,0.0,0.0,2.0,0.0,161.0
583,MSHL,104.0,0.0,0.0,113.0,0.0,217.0
584,MSLW,210.0,0.0,0.0,2.0,0.0,212.0
585,MSMC,2.0,0.0,0.0,2.0,0.0,4.0
586,MSMR,2.0,0.0,0.0,2.0,0.0,4.0
587,MSOE,2.0,0.0,0.0,2.0,0.0,4.0
588,MSSC,64.0,0.0,0.0,2.0,0.0,66.0
589,MSSH,2.0,0.0,0.0,2.0,0.0,4.0
590,MSST,197.0,0.0,0.0,318.0,0.0,515.0
591,MTAN,2.0,0.0,0.0,2.0,0.0,4.0
592,MTCH,2.0,0.0,0.0,2.0,0.0,4.0
593,MTNA,109.0,0.0,0.0,2.0,0.0,111.0
594,MTSC,2.0,0.0,0.0,2.0,0.0,4.0
595,MTSJ,2.0,0.0,0.0,2.0,0.0,4.0
596,MTSM,2.0,0.0,0.0,108.0,0.0,110.0
597,MTST,128.0,0.0,0.0,171.0,0.0,299.0
598,MTSU,103.0,0.0,0.0,2.0,0.0,105.0
599,MTSV,2.0,0.0,0.0,2.0,0.0,4.0
600,MTUN,2.0,0.0,0.0,183.0,0.0,185.0
601,MTVL,2.0,0.0,0.0,2.0,0.0,4.0
602,MUH,2.0,0.0,0.0,2.0,0.0,4.0
603,MUR,2.0,0.0,0.0,2.0,0.0,4.0
604,MUS,2.0,0.0,0.0,2.0,0.0,4.0
605,MUST,216.0,0.0,0.0,2.0,0.0,218.0
606,MUWM,2.0,0.0,0.0,2.0,0.0,4.0
607,MVCL,2.0,0.0,0.0,2.0,0.0,4.0
608,MVSL,2.0,0.0,0.0,2.0,0.0,4.0
609,MWAS,2.0,0.0,0.0,2.0,0.0,4.0
610,MWSH,2.0,0.0,0.0,2.0,0.0,4.0
611,NASC,2.0,0.0,0.0,2.0,0.0,4.0
612,NAT,2.0,0.0,0.0,2.0,0.0,4.0
613,NAVY,2.0,0.0,0.0,2.0,0.0,4.0
614,NAZ,102.0,0.0,0.0,136.0,0.0,238.0
615,NAZR,2.0,0.0,0.0,2.0,0.0,4.0
616,NBRY,2.0,0.0,0.0,2.0,0.0,4.0
617,NCAT,113.0,0.0,0.0,258.0,0.0,371.0
618,NCCL,2.0,0.0,0.0,2.0,0.0,4.0
619,NCO,25.0,0.0,0.0,2.0,0.0,27.0
620,NCST,313.0,0.0,0.0,327.0,0.0,640.0
621,ND,376.0,0.0,0.0,352.0,0.0,728.0
622,NDST,112.0,0.0,0.0,274.0,0.0,386.0
623,NDU,137.0,0.0,0.0,84.0,0.0,221.0
624,NE,2.0,0.0,0.0,331.0,0.0,333.0
625,NEB,253.0,0.0,0.0,300.0,0.0,553.0
626,NEBR,2.0,0.0,0.0,2.0,0.0,4.0
627,NENG,138.0,0.0,0.0,2.0,0.0,140.0
628,NEWF,2.0,0.0,0.0,2.0,0.0,4.0
629,NEWS,257.0,0.0,0.0,2.0,0.0,259.0
630,NHU,252.0,0.0,0.0,267.0,0.0,519.0
631,NIA,2.0,0.0,0.0,2.0,0.0,4.0
632,NIU,60.0,0.0,0.0,2.0,0.0,62.0
633,NJIT,287.0,0.0,0.0,2.0,0.0,289.0
634,NKY,59.0,0.0,0.0,2.0,0.0,61.0
635,NMMT,2.0,0.0,0.0,2.0,0.0,4.0
636,NMST,166.0,0.0,0.0,2.0,0.0,168.0
637,NMU,2.0,0.0,0.0,2.0,0.0,4.0
638,NOLA,26.0,0.0,0.0,2.0,0.0,28.0
639,NORB,2.0,0.0,0.0,2.0,0.0,4.0
640,NOT,2.0,0.0,0.0,2.0,0.0,4.0
641,NOVA,341.0,0.0,0.0,279.0,0.0,620.0
642,NPLZ,2.0,0.0,0.0,2.0,0.0,4.0
643,NPRK,2.0,0.0,0.0,2.0,0.0,4.0
644,NRCH,2.0,0.0,0.0,2.0,0.0,4.0
645,NTX,108.0,0.0,0.0,286.0,0.0,394.0
646,NW,383.0,0.0,0.0,340.0,0.0,723.0
647,NW,383.0,0.0,0.0,340.0,0.0,723.0
648,NW,345.0,0.0,0.0,340.0,0.0,685.0
649,NW,345.0,0.0,0.0,340.0,0.0,685.0
650,NWC,2.0,0.0,0.0,2.0,0.0,4.0
651,NWES,2.0,0.0,0.0,2.0,0.0,4.0
652,NWIA,2.0,0.0,0.0,2.0,0.0,4.0
653,NWMS,2.0,0.0,0.0,155.0,0.0,157.0
654,NWNZ,2.0,0.0,0.0,53.0,0.0,55.0
655,NWSP,2.0,0.0,0.0,2.0,0.0,4.0
656,NYBK,2.0,0.0,0.0,2.0,0.0,4.0
657,NYBR,2.0,0.0,0.0,2.0,0.0,4.0
658,NYCC,246.0,0.0,0.0,2.0,0.0,248.0
659,NYES,276.0,0.0,0.0,2.0,0.0,278.0
660,NYHN,2.0,0.0,0.0,2.0,0.0,4.0
661,NYHT,2.0,0.0,0.0,2.0,0.0,4.0
662,NYIT,2.0,0.0,0.0,2.0,0.0,4.0
663,NYJJ,2.0,0.0,0.0,212.0,0.0,214.0
664,NYLH,2.0,0.0,0.0,2.0,0.0,4.0
665,NYNY,2.0,0.0,0.0,2.0,0.0,4.0
666,NYQN,2.0,0.0,0.0,2.0,0.0,4.0
667,NYSI,2.0,0.0,0.0,2.0,0.0,4.0
668,NYU,367.0,0.0,0.0,2.0,0.0,369.0
669,OAK,58.0,0.0,0.0,2.0,0.0,60.0
670,OBE,2.0,0.0,0.0,2.0,0.0,4.0
671,OCC,2.0,0.0,0.0,2.0,0.0,4.0
672,OGL,2.0,0.0,0.0,2.0,0.0,4.0
673,OHIO,214.0,0.0,0.0,338.0,0.0,552.0
674,OHNO,2.0,0.0,0.0,2.0,0.0,4.0
675,OHST,344.0,0.0,0.0,380.0,0.0,724.0
676,OHWS,2.0,0.0,0.0,2.0,0.0,4.0
677,OKBP,2.0,0.0,0.0,2.0,0.0,4.0
678,OKCR,2.0,0.0,0.0,2.0,0.0,4.0
679,OKCU,151.0,0.0,0.0,2.0,0.0,153.0
680,OKLA,260.0,0.0,0.0,379.0,0.0,639.0
681,OKST,208.0,0.0,0.0,344.0,0.0,552.0
682,OLAF,2.0,0.0,0.0,2.0,0.0,4.0
683,OLD ,2.0,0.0,0.0,2.0,0.0,4.0
684,OMHA,122.0,0.0,0.0,69.0,0.0,191.0
685,ONTA,2.0,0.0,0.0,194.0,0.0,196.0
686,ORAL,2.0,0.0,0.0,2.0,0.0,4.0
687,ORE,294.0,0.0,0.0,292.0,0.0,586.0
688,ORIT,2.0,0.0,0.0,2.0,0.0,4.0
689,ORST,228.0,0.0,0.0,301.0,0.0,529.0
690,OSWG,2.0,0.0,0.0,2.0,0.0,4.0
691,OTT,2.0,0.0,0.0,2.0,0.0,4.0
692,OTTE,2.0,0.0,0.0,2.0,0.0,4.0
693,OUA,2.0,0.0,0.0,2.0,0.0,4.0
694,OUR,2.0,0.0,0.0,2.0,0.0,4.0
695,OWSG,2.0,0.0,0.0,2.0,0.0,4.0
696,OZRK,2.0,0.0,0.0,2.0,0.0,4.0
697,PAC,207.0,0.0,0.0,2.0,0.0,209.0
698,PACE,176.0,0.0,0.0,2.0,0.0,178.0
699,PACI,2.0,0.0,0.0,2.0,0.0,4.0
700,PACL,2.0,0.0,0.0,2.0,0.0,4.0
701,PACU,2.0,0.0,0.0,2.0,0.0,4.0
702,PAUL,2.0,0.0,0.0,2.0,0.0,4.0
703,PEM,2.0,0.0,0.0,2.0,0.0,4.0
704,PEN,2.0,0.0,0.0,2.0,0.0,4.0
705,PENN,387.0,0.0,0.0,350.0,0.0,737.0
706,PEP,2.0,0.0,0.0,2.0,0.0,4.0
707,PER,2.0,0.0,0.0,2.0,0.0,4.0
708,PFE,2.0,0.0,0.0,2.0,0.0,4.0
709,PHIL,2.0,0.0,0.0,2.0,0.0,4.0
710,PHLP,2.0,0.0,0.0,2.0,0.0,4.0
711,PIE,2.0,0.0,0.0,2.0,0.0,4.0
712,PIK,2.0,0.0,0.0,2.0,0.0,4.0
713,PIT,2.0,0.0,0.0,2.0,0.0,4.0
714,PITT,334.0,0.0,0.0,328.0,0.0,662.0
715,PLAT,2.0,0.0,0.0,2.0,0.0,4.0
716,PMNA,2.0,0.0,0.0,2.0,0.0,4.0
717,POIN,2.0,0.0,0.0,2.0,0.0,4.0
718,POL,2.0,0.0,0.0,2.0,0.0,4.0
719,POMO,2.0,0.0,0.0,2.0,0.0,4.0
720,PORT,2.0,0.0,0.0,244.0,0.0,246.0
721,POTS,2.0,0.0,0.0,2.0,0.0,4.0
722,PPRK,2.0,0.0,0.0,2.0,0.0,4.0
723,PRA,2.0,0.0,0.0,2.0,0.0,4.0
724,PRAT,2.0,0.0,0.0,2.0,0.0,4.0
725,PRCH,2.0,0.0,0.0,2.0,0.0,4.0
726,PRE,2.0,0.0,0.0,2.0,0.0,4.0
727,PRI,2.0,0.0,0.0,2.0,0.0,4.0
728,PRO,2.0,0.0,0.0,2.0,0.0,4.0
729,PSU,331.0,0.0,0.0,385.0,0.0,716.0
730,PSUP,2.0,0.0,0.0,2.0,0.0,4.0
731,PTLM,2.0,0.0,0.0,2.0,0.0,4.0
732,PTST,101.0,0.0,0.0,2.0,0.0,103.0
733,PUGS,2.0,0.0,0.0,2.0,0.0,4.0
734,PUR,342.0,0.0,0.0,299.0,0.0,641.0
735,PURC,2.0,0.0,0.0,2.0,0.0,4.0
736,PURD,2.0,0.0,0.0,2.0,0.0,4.0
737,QNCY,2.0,0.0,0.0,2.0,0.0,4.0
738,QNPC,242.0,0.0,0.0,2.0,0.0,244.0
739,QUE,2.0,0.0,0.0,2.0,0.0,4.0
740,QUEE,2.0,0.0,0.0,2.0,0.0,4.0
741,QUIN,2.0,0.0,0.0,2.0,0.0,4.0
742,RAD,2.0,0.0,0.0,2.0,0.0,4.0
743,RAM,2.0,0.0,0.0,2.0,0.0,4.0
744,RAND,2.0,0.0,0.0,2.0,0.0,4.0
745,RDLD,2.0,0.0,0.0,2.0,0.0,4.0
746,REE,2.0,0.0,0.0,2.0,0.0,4.0
747,REG,2.0,0.0,0.0,2.0,0.0,4.0
748,REGI,2.0,0.0,0.0,2.0,0.0,4.0
749,REN,2.0,0.0,0.0,2.0,0.0,4.0
750,RENO,158.0,0.0,0.0,151.0,0.0,309.0
751,RHO,2.0,0.0,0.0,2.0,0.0,4.0
752,RHOD,2.0,0.0,0.0,2.0,0.0,4.0
753,RI,224.0,0.0,0.0,2.0,0.0,226.0
754,RIC,2.0,0.0,0.0,2.0,0.0,4.0
755,RICE,377.0,0.0,0.0,376.0,0.0,753.0
756,RICH,2.0,0.0,0.0,145.0,0.0,147.0
757,RID,2.0,0.0,0.0,2.0,0.0,4.0
758,RIP,2.0,0.0,0.0,2.0,0.0,4.0
759,RISD,2.0,0.0,0.0,115.0,0.0,117.0
760,RIT,277.0,0.0,0.0,2.0,0.0,279.0
761,RIV,2.0,0.0,0.0,2.0,0.0,4.0
762,RKHS,2.0,0.0,0.0,43.0,0.0,45.0
763,RKMT,2.0,0.0,0.0,2.0,0.0,4.0
764,RMAC,2.0,0.0,0.0,2.0,0.0,4.0
765,RMAW,2.0,0.0,0.0,2.0,0.0,4.0
766,ROA,2.0,0.0,0.0,2.0,0.0,4.0
767,ROCH,360.0,0.0,0.0,2.0,0.0,362.0
768,ROCK,2.0,0.0,0.0,2.0,0.0,4.0
769,ROG,2.0,0.0,0.0,2.0,0.0,4.0
770,ROL,2.0,0.0,0.0,2.0,0.0,4.0
771,ROS,2.0,0.0,0.0,2.0,0.0,4.0
772,ROSE,2.0,0.0,0.0,2.0,0.0,4.0
773,ROW,2.0,0.0,0.0,2.0,0.0,4.0
774,ROWA,2.0,0.0,0.0,2.0,0.0,4.0
775,RUSS,2.0,0.0,0.0,2.0,0.0,4.0
776,RUTB,2.0,0.0,0.0,2.0,0.0,4.0
777,RUTC,241.0,0.0,0.0,2.0,0.0,243.0
778,RUTG,2.0,0.0,0.0,2.0,0.0,4.0
779,RUTN,265.0,0.0,0.0,2.0,0.0,267.0
780,SAAO,2.0,0.0,0.0,2.0,0.0,4.0
781,SAC,2.0,0.0,0.0,224.0,0.0,226.0
782,SADV,2.0,0.0,0.0,2.0,0.0,4.0
783,SAL,23.0,0.0,0.0,118.0,0.0,141.0
784,SALE,2.0,0.0,0.0,2.0,0.0,4.0
785,SALI,2.0,0.0,0.0,2.0,0.0,4.0
786,SALV,2.0,0.0,0.0,2.0,0.0,4.0
787,SAM,256.0,0.0,0.0,101.0,0.0,357.0
788,SAM ,2.0,0.0,0.0,2.0,0.0,4.0
789,SAN ,2.0,0.0,0.0,2.0,0.0,4.0
790,SAND,297.0,0.0,0.0,241.0,0.0,538.0
791,SAND,297.0,0.0,0.0,241.0,0.0,538.0
792,SAND,240.0,0.0,0.0,241.0,0.0,481.0
793,SAND,240.0,0.0,0.0,241.0,0.0,481.0
794,SANF,281.0,0.0,0.0,2.0,0.0,283.0
795,SANS,2.0,0.0,0.0,2.0,0.0,4.0
796,SAR,2.0,0.0,0.0,2.0,0.0,4.0
797,SAV,2.0,0.0,0.0,2.0,0.0,4.0
798,SCAK,2.0,0.0,0.0,2.0,0.0,4.0
799,SCAR,275.0,0.0,0.0,368.0,0.0,643.0
800,SCC,2.0,0.0,0.0,2.0,0.0,4.0
801,SCH,2.0,0.0,0.0,2.0,0.0,4.0
802,SCLD,2.0,0.0,0.0,2.0,0.0,4.0
803,SCOL,2.0,0.0,0.0,2.0,0.0,4.0
804,SCR,2.0,0.0,0.0,2.0,0.0,4.0
805,SCRN,2.0,0.0,0.0,105.0,0.0,107.0
806,SCRZ,283.0,0.0,0.0,2.0,0.0,285.0
807,SCU,338.0,0.0,0.0,2.0,0.0,340.0
808,SDAK,147.0,0.0,0.0,156.0,0.0,303.0
809,SDMT,2.0,0.0,0.0,2.0,0.0,4.0
810,SDST,100.0,0.0,0.0,131.0,0.0,231.0
811,SDSU,2.0,0.0,0.0,366.0,0.0,368.0
812,SEA,264.0,0.0,0.0,130.0,0.0,394.0
813,SEAP,163.0,0.0,0.0,2.0,0.0,165.0
814,SELA,2.0,0.0,0.0,73.0,0.0,75.0
815,SEMO,2.0,0.0,0.0,2.0,0.0,4.0
816,SEOK,2.0,0.0,0.0,2.0,0.0,4.0
817,SET,263.0,0.0,0.0,55.0,0.0,318.0
818,SETH,2.0,0.0,0.0,2.0,0.0,4.0
819,SEWA,2.0,0.0,0.0,2.0,0.0,4.0
820,SFCI,2.0,0.0,0.0,2.0,0.0,4.0
821,SFCS,136.0,0.0,0.0,2.0,0.0,138.0
822,SFDS,2.0,0.0,0.0,2.0,0.0,4.0
823,SFST,2.0,0.0,0.0,2.0,0.0,4.0
824,SHI,2.0,0.0,0.0,2.0,0.0,4.0
825,SHO,2.0,0.0,0.0,2.0,0.0,4.0
826,SHT,183.0,0.0,0.0,2.0,0.0,185.0
827,SIL,125.0,0.0,0.0,2.0,0.0,127.0
828,SIMM,2.0,0.0,0.0,2.0,0.0,4.0
829,SIMP,2.0,0.0,0.0,2.0,0.0,4.0
830,SIND,2.0,0.0,0.0,2.0,0.0,4.0
831,SIO,2.0,0.0,0.0,2.0,0.0,4.0
832,SIUE,53.0,0.0,0.0,2.0,0.0,55.0
833,SJCI,2.0,0.0,0.0,2.0,0.0,4.0
834,SJCL,2.0,0.0,0.0,2.0,0.0,4.0
835,SJCO,2.0,0.0,0.0,2.0,0.0,4.0
836,SJFS,205.0,0.0,0.0,2.0,0.0,207.0
837,SJNM,2.0,0.0,0.0,2.0,0.0,4.0
838,SJST,2.0,0.0,0.0,2.0,0.0,4.0
839,SKI,2.0,0.0,0.0,2.0,0.0,4.0
840,SLMC,2.0,0.0,0.0,2.0,0.0,4.0
841,SLSB,2.0,0.0,0.0,2.0,0.0,4.0
842,SLU,286.0,0.0,0.0,36.0,0.0,322.0
843,SMCA,2.0,0.0,0.0,2.0,0.0,4.0
844,SMCI,2.0,0.0,0.0,2.0,0.0,4.0
845,SMI,2.0,0.0,0.0,2.0,0.0,4.0
846,SMMN,2.0,0.0,0.0,2.0,0.0,4.0
847,SMNS,255.0,0.0,0.0,2.0,0.0,257.0
848,SMPS,2.0,0.0,0.0,2.0,0.0,4.0
849,SMU,325.0,0.0,0.0,347.0,0.0,672.0
850,SNA,2.0,0.0,0.0,2.0,0.0,4.0
851,SNCB,2.0,0.0,0.0,2.0,0.0,4.0
852,SNHT,2.0,0.0,0.0,2.0,0.0,4.0
853,SOCK,2.0,0.0,0.0,2.0,0.0,4.0
854,SOFL,280.0,0.0,0.0,316.0,0.0,596.0
855,SOFL,280.0,0.0,0.0,316.0,0.0,596.0
856,SOKA,2.0,0.0,0.0,2.0,0.0,4.0
857,SOMS,22.0,0.0,0.0,256.0,0.0,278.0
858,SONO,2.0,0.0,0.0,2.0,0.0,4.0
859,SOTH,2.0,0.0,0.0,2.0,0.0,4.0
860,SOUT,2.0,0.0,0.0,82.0,0.0,84.0
861,SPA,2.0,0.0,0.0,2.0,0.0,4.0
862,SPE,2.0,0.0,0.0,2.0,0.0,4.0
863,SPR,2.0,0.0,0.0,2.0,0.0,4.0
864,SPRI,2.0,0.0,0.0,2.0,0.0,4.0
865,ST B,2.0,0.0,0.0,2.0,0.0,4.0
866,ST J,2.0,0.0,0.0,2.0,0.0,4.0
867,ST L,2.0,0.0,0.0,2.0,0.0,4.0
868,ST O,2.0,0.0,0.0,2.0,0.0,4.0
869,STAM,2.0,0.0,0.0,2.0,0.0,4.0
870,STAN,389.0,0.0,0.0,363.0,0.0,752.0
871,STAQ,2.0,0.0,0.0,2.0,0.0,4.0
872,STAT,2.0,0.0,0.0,2.0,0.0,4.0
873,STCL,2.0,0.0,0.0,2.0,0.0,4.0
874,STCT,2.0,0.0,0.0,2.0,0.0,4.0
875,STED,2.0,0.0,0.0,273.0,0.0,275.0
876,STET,2.0,0.0,0.0,70.0,0.0,72.0
877,STEU,2.0,0.0,0.0,2.0,0.0,4.0
878,STHL,2.0,0.0,0.0,2.0,0.0,4.0
879,STJ,200.0,0.0,0.0,243.0,0.0,443.0
880,STJA,2.0,0.0,0.0,2.0,0.0,4.0
881,STJM,2.0,0.0,0.0,2.0,0.0,4.0
882,STJN,220.0,0.0,0.0,2.0,0.0,222.0
883,STJS,2.0,0.0,0.0,2.0,0.0,4.0
884,STJY,2.0,0.0,0.0,2.0,0.0,4.0
885,STKY,2.0,0.0,0.0,2.0,0.0,4.0
886,STLW,2.0,0.0,0.0,2.0,0.0,4.0
887,STMA,2.0,0.0,0.0,2.0,0.0,4.0
888,STMC,2.0,0.0,0.0,2.0,0.0,4.0
889,STMD,2.0,0.0,0.0,2.0,0.0,4.0
890,STMI,2.0,0.0,0.0,2.0,0.0,4.0
891,STMN,251.0,0.0,0.0,220.0,0.0,471.0
892,STMT,2.0,0.0,0.0,2.0,0.0,4.0
893,STNY,302.0,0.0,0.0,2.0,0.0,304.0
894,STOC,2.0,0.0,0.0,2.0,0.0,4.0
895,STON,2.0,0.0,0.0,2.0,0.0,4.0
896,STP,2.0,0.0,0.0,2.0,0.0,4.0
897,STPH,2.0,0.0,0.0,2.0,0.0,4.0
898,STPL,2.0,0.0,0.0,2.0,0.0,4.0
899,STSA,2.0,0.0,0.0,2.0,0.0,4.0
900,STSL,2.0,0.0,0.0,2.0,0.0,4.0
901,STTX,2.0,0.0,0.0,290.0,0.0,292.0
902,STXV,2.0,0.0,0.0,2.0,0.0,4.0
903,SUFF,2.0,0.0,0.0,2.0,0.0,4.0
904,SUS,2.0,0.0,0.0,2.0,0.0,4.0
905,SVCS,2.0,0.0,0.0,2.0,0.0,4.0
906,SVIT,2.0,0.0,0.0,2.0,0.0,4.0
907,SWAR,2.0,0.0,0.0,2.0,0.0,4.0
908,SWBP,2.0,0.0,0.0,2.0,0.0,4.0
909,SWCL,2.0,0.0,0.0,2.0,0.0,4.0
910,SWE,2.0,0.0,0.0,2.0,0.0,4.0
911,SWMS,2.0,0.0,0.0,2.0,0.0,4.0
912,SWST,2.0,0.0,0.0,2.0,0.0,4.0
913,SWU,2.0,0.0,0.0,2.0,0.0,4.0
914,SYDC,2.0,0.0,0.0,2.0,0.0,4.0
915,SYR,336.0,0.0,0.0,311.0,0.0,647.0
916,TAB,2.0,0.0,0.0,2.0,0.0,4.0
917,TAL,2.0,0.0,0.0,2.0,0.0,4.0
918,TAM,324.0,0.0,0.0,360.0,0.0,684.0
919,TAMG,2.0,0.0,0.0,2.0,0.0,4.0
920,TAMU,2.0,0.0,0.0,2.0,0.0,4.0
921,TAY,2.0,0.0,0.0,2.0,0.0,4.0
922,TCLM,2.0,0.0,0.0,2.0,0.0,4.0
923,TCU,305.0,0.0,0.0,361.0,0.0,666.0
924,TEMP,2.0,0.0,0.0,2.0,0.0,4.0
925,TEN,2.0,0.0,0.0,2.0,0.0,4.0
926,TENN,2.0,0.0,0.0,2.0,0.0,4.0
927,TEX,355.0,0.0,0.0,383.0,0.0,738.0
928,TEXD,250.0,0.0,0.0,2.0,0.0,252.0
929,THE,2.0,0.0,0.0,2.0,0.0,4.0
930,THI,2.0,0.0,0.0,2.0,0.0,4.0
931,TIF,2.0,0.0,0.0,2.0,0.0,4.0
932,TLSA,248.0,0.0,0.0,65.0,0.0,313.0
933,TMPA,2.0,0.0,0.0,205.0,0.0,207.0
934,TNMT,2.0,0.0,0.0,248.0,0.0,250.0
935,TOL,15.0,0.0,0.0,2.0,0.0,17.0
936,TOUR,2.0,0.0,0.0,2.0,0.0,4.0
937,TOWS,2.0,0.0,0.0,2.0,0.0,4.0
938,TRA,2.0,0.0,0.0,2.0,0.0,4.0
939,TRE,2.0,0.0,0.0,2.0,0.0,4.0
940,TRI,2.0,0.0,0.0,2.0,0.0,4.0
941,TRIC,2.0,0.0,0.0,2.0,0.0,4.0
942,TRID,2.0,0.0,0.0,2.0,0.0,4.0
943,TRIN,2.0,0.0,0.0,2.0,0.0,4.0
944,TRIV,2.0,0.0,0.0,2.0,0.0,4.0
945,TRNT,41.0,0.0,0.0,2.0,0.0,43.0
946,TRRY,2.0,0.0,0.0,2.0,0.0,4.0
947,TRTX,2.0,0.0,0.0,2.0,0.0,4.0
948,TRUM,2.0,0.0,0.0,2.0,0.0,4.0
949,TSKG,2.0,0.0,0.0,2.0,0.0,4.0
950,TUFT,2.0,0.0,0.0,2.0,0.0,4.0
951,TUL,350.0,0.0,0.0,362.0,0.0,712.0
952,TWES,2.0,0.0,0.0,2.0,0.0,4.0
953,TXLT,2.0,0.0,0.0,2.0,0.0,4.0
954,TXSO,46.0,0.0,0.0,2.0,0.0,48.0
955,TXST,45.0,0.0,0.0,295.0,0.0,340.0
956,TXTC,175.0,0.0,0.0,334.0,0.0,509.0
957,TXWO,43.0,0.0,0.0,30.0,0.0,73.0
958,UAB,237.0,0.0,0.0,283.0,0.0,520.0
959,UCDV,356.0,0.0,0.0,298.0,0.0,654.0
960,UCF,236.0,0.0,0.0,367.0,0.0,603.0
961,UCHI,388.0,0.0,0.0,202.0,0.0,590.0
962,UCIV,358.0,0.0,0.0,287.0,0.0,645.0
963,UCLA,375.0,0.0,0.0,391.0,0.0,766.0
964,UCRS,304.0,0.0,0.0,41.0,0.0,345.0
965,UCSB,365.0,0.0,0.0,378.0,0.0,743.0
966,UCSD,361.0,0.0,0.0,2.0,0.0,363.0
967,UGA,347.0,0.0,0.0,392.0,0.0,739.0
968,UIC,282.0,0.0,0.0,2.0,0.0,284.0
969,UIUC,348.0,0.0,0.0,356.0,0.0,704.0
970,UK,261.0,0.0,0.0,313.0,0.0,574.0
971,UMBC,225.0,0.0,0.0,2.0,0.0,227.0
972,UNC,363.0,0.0,0.0,354.0,0.0,717.0
973,UNCA,2.0,0.0,0.0,2.0,0.0,4.0
974,UNCG,148.0,0.0,0.0,191.0,0.0,339.0
975,UNCL,2.0,0.0,0.0,2.0,0.0,4.0
976,UNCW,201.0,0.0,0.0,2.0,0.0,203.0
977,UNF,121.0,0.0,0.0,104.0,0.0,225.0
978,UNG,2.0,0.0,0.0,2.0,0.0,4.0
979,UNI,2.0,0.0,0.0,225.0,0.0,227.0
980,UNIO,2.0,0.0,0.0,2.0,0.0,4.0
981,UNJ,2.0,0.0,0.0,2.0,0.0,4.0
982,UNKY,2.0,0.0,0.0,2.0,0.0,4.0
983,UNLV,139.0,0.0,0.0,2.0,0.0,141.0
984,UNM,195.0,0.0,0.0,2.0,0.0,197.0
985,UNNY,2.0,0.0,0.0,49.0,0.0,51.0
986,UNON,204.0,0.0,0.0,2.0,0.0,206.0
987,UPAC,249.0,0.0,0.0,2.0,0.0,251.0
988,UPP,2.0,0.0,0.0,2.0,0.0,4.0
989,URS,2.0,0.0,0.0,2.0,0.0,4.0
990,URSN,2.0,0.0,0.0,2.0,0.0,4.0
991,USC,368.0,0.0,0.0,393.0,0.0,761.0
992,UTA,97.0,0.0,0.0,2.0,0.0,99.0
993,UTAH,293.0,0.0,0.0,232.0,0.0,525.0
994,UTAH,293.0,0.0,0.0,232.0,0.0,525.0
995,UTEP,20.0,0.0,0.0,29.0,0.0,49.0
996,UTK,279.0,0.0,0.0,255.0,0.0,534.0
997,UTRGV,17.0,0.0,0.0,2.0,0.0,19.0
998,UTSA,19.0,0.0,0.0,138.0,0.0,157.0
999,UTST,135.0,0.0,0.0,217.0,0.0,352.0
1000,UVA,369.0,0.0,0.0,386.0,0.0,755.0
1001,UWEC,2.0,0.0,0.0,2.0,0.0,4.0
1002,UWEU,2.0,0.0,0.0,2.0,0.0,4.0
1003,UWGB,2.0,0.0,0.0,2.0,0.0,4.0
1004,UWLC,2.0,0.0,0.0,2.0,0.0,4.0
1005,UWOS,2.0,0.0,0.0,2.0,0.0,4.0
1006,UWSP,2.0,0.0,0.0,2.0,0.0,4.0
1007,UWST,2.0,0.0,0.0,2.0,0.0,4.0
1008,UWW,2.0,0.0,0.0,197.0,0.0,199.0
1009,VALP,218.0,0.0,0.0,2.0,0.0,220.0
1010,VAN,2.0,0.0,0.0,2.0,0.0,4.0
1011,VANG,2.0,0.0,0.0,2.0,0.0,4.0
1012,VAPT,2.0,0.0,0.0,2.0,0.0,4.0
1013,VAS,2.0,0.0,0.0,2.0,0.0,4.0
1014,VCST,2.0,0.0,0.0,2.0,0.0,4.0
1015,VCU,217.0,0.0,0.0,214.0,0.0,431.0
1016,VIL,2.0,0.0,0.0,2.0,0.0,4.0
1017,VIRG,2.0,0.0,0.0,2.0,0.0,4.0
1018,VIT,2.0,0.0,0.0,2.0,0.0,4.0
1019,VMI,2.0,0.0,0.0,2.0,0.0,4.0
1020,VMT,274.0,0.0,0.0,137.0,0.0,411.0
1021,VNNZ,2.0,0.0,0.0,2.0,0.0,4.0
1022,VOO,2.0,0.0,0.0,2.0,0.0,4.0
1023,VSU,2.0,0.0,0.0,2.0,0.0,4.0
1024,VT,317.0,0.0,0.0,377.0,0.0,694.0
1025,VUNN,2.0,0.0,0.0,2.0,0.0,4.0
1026,VWES,2.0,0.0,0.0,2.0,0.0,4.0
1027,WAB,2.0,0.0,0.0,2.0,0.0,4.0
1028,WAG,2.0,0.0,0.0,2.0,0.0,4.0
1029,WAK,2.0,0.0,0.0,2.0,0.0,4.0
1030,WAL,2.0,0.0,0.0,2.0,0.0,4.0
1031,WAM,354.0,0.0,0.0,4.0,0.0,358.0
1032,WAR,2.0,0.0,0.0,2.0,0.0,4.0
1033,WART,2.0,0.0,0.0,2.0,0.0,4.0
1034,WASH,333.0,0.0,0.0,303.0,0.0,636.0
1035,WAST,209.0,0.0,0.0,304.0,0.0,513.0
1036,WAYN,2.0,0.0,0.0,2.0,0.0,4.0
1037,WBRG,2.0,0.0,0.0,2.0,0.0,4.0
1038,WBST,2.0,0.0,0.0,2.0,0.0,4.0
1039,WBTL,2.0,0.0,0.0,2.0,0.0,4.0
1040,WCAR,8.0,0.0,0.0,2.0,0.0,10.0
1041,WCHS,2.0,0.0,0.0,2.0,0.0,4.0
1042,WCOL,2.0,0.0,0.0,2.0,0.0,4.0
1043,WCPA,2.0,0.0,0.0,2.0,0.0,4.0
1044,WEAM,2.0,0.0,0.0,2.0,0.0,4.0
1045,WEB,2.0,0.0,0.0,2.0,0.0,4.0
1046,WEBE,2.0,0.0,0.0,2.0,0.0,4.0
1047,WEL,2.0,0.0,0.0,2.0,0.0,4.0
1048,WEN,2.0,0.0,0.0,2.0,0.0,4.0
1049,WES,2.0,0.0,0.0,2.0,0.0,4.0
1050,WESL,2.0,0.0,0.0,2.0,0.0,4.0
1051,WFDS,2.0,0.0,0.0,2.0,0.0,4.0
1052,WFL,2.0,0.0,0.0,147.0,0.0,149.0
1053,WHE,2.0,0.0,0.0,2.0,0.0,4.0
1054,WHEA,2.0,0.0,0.0,2.0,0.0,4.0
1055,WHI,2.0,0.0,0.0,2.0,0.0,4.0
1056,WHIT,2.0,0.0,0.0,2.0,0.0,4.0
1057,WICH,2.0,0.0,0.0,2.0,0.0,4.0
1058,WID,2.0,0.0,0.0,2.0,0.0,4.0
1059,WIL,2.0,0.0,0.0,2.0,0.0,4.0
1060,WILS,2.0,0.0,0.0,2.0,0.0,4.0
1061,WIN,2.0,0.0,0.0,2.0,0.0,4.0
1062,WIS,2.0,0.0,0.0,2.0,0.0,4.0
1063,WISC,349.0,0.0,0.0,388.0,0.0,737.0
1064,WIT,2.0,0.0,0.0,2.0,0.0,4.0
1065,WJEF,2.0,0.0,0.0,2.0,0.0,4.0
1066,WJST,2.0,0.0,0.0,2.0,0.0,4.0
1067,WJWL,2.0,0.0,0.0,2.0,0.0,4.0
1068,WKU,10.0,0.0,0.0,128.0,0.0,138.0
1069,WLBS,2.0,0.0,0.0,2.0,0.0,4.0
1070,WLEE,2.0,0.0,0.0,209.0,0.0,211.0
1071,WLLS,2.0,0.0,0.0,2.0,0.0,4.0
1072,WLMS,2.0,0.0,0.0,2.0,0.0,4.0
1073,WLMT,2.0,0.0,0.0,2.0,0.0,4.0
1074,WMD,2.0,0.0,0.0,2.0,0.0,4.0
1075,WMMO,2.0,0.0,0.0,2.0,0.0,4.0
1076,WMNC,2.0,0.0,0.0,2.0,0.0,4.0
1077,WMNM,2.0,0.0,0.0,2.0,0.0,4.0
1078,WMNP,2.0,0.0,0.0,2.0,0.0,4.0
1079,WMNT,2.0,0.0,0.0,88.0,0.0,90.0
1080,WMU,119.0,0.0,0.0,221.0,0.0,340.0
1081,WNEC,2.0,0.0,0.0,2.0,0.0,4.0
1082,WNNA,2.0,0.0,0.0,2.0,0.0,4.0
1083,WOF,2.0,0.0,0.0,2.0,0.0,4.0
1084,WOOS,2.0,0.0,0.0,2.0,0.0,4.0
1085,WOR,2.0,0.0,0.0,2.0,0.0,4.0
1086,WPLY,2.0,0.0,0.0,2.0,0.0,4.0
1087,WRIG,2.0,0.0,0.0,2.0,0.0,4.0
1088,WSBT,2.0,0.0,0.0,2.0,0.0,4.0
1089,WSCL,2.0,0.0,0.0,2.0,0.0,4.0
1090,WSHU,2.0,0.0,0.0,2.0,0.0,4.0
1091,WSJF,2.0,0.0,0.0,2.0,0.0,4.0
1092,WSMP,2.0,0.0,0.0,2.0,0.0,4.0
1093,WSMT,2.0,0.0,0.0,2.0,0.0,4.0
1094,WSST,2.0,0.0,0.0,2.0,0.0,4.0
1095,WTRP,2.0,0.0,0.0,2.0,0.0,4.0
1096,WTTR,2.0,0.0,0.0,2.0,0.0,4.0
1097,WUST,2.0,0.0,0.0,2.0,0.0,4.0
1098,WVU,133.0,0.0,0.0,323.0,0.0,456.0
1099,WVWC,2.0,0.0,0.0,2.0,0.0,4.0
1100,WWAS,2.0,0.0,0.0,2.0,0.0,4.0
1101,WWOD,7.0,0.0,0.0,2.0,0.0,9.0
1102,WY,194.0,0.0,0.0,2.0,0.0,196.0
1103,XAV,2.0,0.0,0.0,2.0,0.0,4.0
1104,XAVL,2.0,0.0,0.0,2.0,0.0,4.0
1105,YAL,2.0,0.0,0.0,2.0,0.0,4.0
1106,YESH,2.0,0.0,0.0,2.0,0.0,4.0
1107,YOR,2.0,0.0,0.0,2.0,0.0,4.0
